{"Barking and Dagenham": 284410.3642172524, "Barnet": 570529.5887850467, "Bexley": 351441.1124260355, "Brent": 537267.8824940048, "Bromley": 503875.41312741314, "Camden": 983403.5512820513, "City of London": 1035119.0476190476, "Croydon": 385532.9468599034, "Ealing": 548491.1425531915, "Enfield": 424415.6252285192, "Greenwich": 416211.42830882355, "Hackney": 632533.7305194805, "Hammersmith and Fulham": 1078717.7770491804, "Haringey": 670427.3888888889, "Harrow": 508751.53474320244, "Havering": 421157.3825136612, "Hillingdon": 445356.7709497207, "Hounslow": 467447.3213296399, "Islington": 774679.7518796993, "Kensington and Chelsea": 2061646.6610169492, "Kingston upon Thames": 575375.6420765028, "Lambeth": 582545.8902439025, "Lewisham": 448956.40185185184, "Merton": 614731.8415178572, "Newham": 394088.1666666667, "Redbridge": 419141.1813842482, "Richmond upon Thames": 801062.7016706443, "Southwark": 600876.075, "Sutton": 388672.26160337555, "Tower Hamlets": 503066.638225256, "Waltham Forest": 468071.06355932204, "Wandsworth": 768551.7623188406, "Westminster": 1386240.4987080104}